data;vendedor;produto;quantidade;valor
2026-06-03 00:00:00;Raul;SSD;1;2000.0
2026-06-03 00:00:00;Raul;SSD;1;2000.0
2026-06-04 00:00:00;Malu;Piercing;2;7000.0
2026-06-04 00:00:00;Raul;SSD;1;2000.0
2026-06-04 00:00:00;Raul;Piercing;1;3500.0
2026-06-06 00:00:00;Raul;Piercing;1;3500.0
2026-06-06 00:00:00;Luiz;Piercing;1;3500.0
2026-06-08 00:00:00;Luiz;Camiseta;1;150.0
2026-06-08 00:00:00;Luiz;Camiseta;2;300.0
2026-06-08 00:00:00;Raul;Camiseta;2;300.0
2026-06-09 00:00:00;Luiz;Camiseta;1;150.0
2026-06-10 00:00:00;Raul;Camiseta;1;150.0
2026-06-10 00:00:00;Luiz;Camiseta;1;150.0
2026-06-11 00:00:00;Raul;Piercing;1;3500.0
2026-06-11 00:00:00;Malu;Piercing;1;3500.0
2026-06-14 00:00:00;Malu;Camiseta;1;150.0
2026-06-15 00:00:00;Malu;SSD;1;2000.0
2026-06-15 00:00:00;Malu;SSD;4;8000.0
2026-06-16 00:00:00;Raul;Piercing;2;7000.0
2026-06-16 00:00:00;Luiz;SSD;2;4000.0
2026-06-16 00:00:00;Raul;Camiseta;1;150.0
2026-06-17 00:00:00;Malu;Camiseta;1;150.0
2026-06-17 00:00:00;Raul;Piercing;1;3500.0
2026-06-19 00:00:00;Malu;Camiseta;3;450.0
2026-06-19 00:00:00;Malu;SSD;3;6000.0
2026-06-20 00:00:00;Malu;Camiseta;1;150.0
2026-06-20 00:00:00;Raul;Camiseta;3;450.0
2026-06-20 00:00:00;Malu;Camiseta;2;300.0
2026-06-21 00:00:00;Luiz;Piercing;4;14000.0
2026-06-21 00:00:00;Raul;Camiseta;1;150.0
2026-06-22 00:00:00;Malu;SSD;1;2000.0
2026-06-23 00:00:00;Raul;Piercing;1;3500.0
2026-06-24 00:00:00;Raul;Piercing;2;7000.0
2026-06-24 00:00:00;Luiz;SSD;1;2000.0
2026-06-24 00:00:00;Luiz;Camiseta;1;150.0
2026-06-25 00:00:00;Raul;SSD;1;2000.0
2026-06-26 00:00:00;Raul;Camiseta;1;150.0
2026-06-26 00:00:00;Raul;SSD;1;2000.0
2026-06-27 00:00:00;Malu;SSD;1;2000.0
2026-06-27 00:00:00;Raul;Camiseta;1;150.0
2026-06-28 00:00:00;Luiz;Camiseta;1;150.0
2026-06-29 00:00:00;Luiz;Piercing;2;7000.0
2026-06-29 00:00:00;Raul;Camiseta;1;150.0
2026-06-29 00:00:00;Malu;Camiseta;4;600.0
2026-06-30 00:00:00;Raul;Piercing;1;3500.0
2026-06-30 00:00:00;Malu;Piercing;1;3500.0
2026-07-01 00:00:00;Luiz;SSD;2;4000.0
2026-07-01 00:00:00;Raul;Camiseta;1;150.0
2026-07-02 00:00:00;Raul;Piercing;2;7000.0
2026-07-04 00:00:00;Malu;Piercing;2;7000.0
2026-07-05 00:00:00;Luiz;SSD;2;4000.0
2026-07-06 00:00:00;Malu;SSD;1;2000.0
2026-07-06 00:00:00;Luiz;Piercing;2;7000.0
2026-07-08 00:00:00;Luiz;SSD;1;2000.0
2026-07-08 00:00:00;Luiz;Camiseta;4;600.0
2026-07-09 00:00:00;Raul;Piercing;2;7000.0
2026-07-11 00:00:00;Raul;Piercing;2;7000.0
2026-07-11 00:00:00;Luiz;Piercing;2;7000.0
2026-07-12 00:00:00;Luiz;Piercing;1;3500.0
2026-07-13 00:00:00;Luiz;Camiseta;1;150.0
2026-07-13 00:00:00;Raul;Piercing;3;10500.0
2026-07-14 00:00:00;Malu;Camiseta;1;150.0
2026-07-14 00:00:00;Raul;Camiseta;1;150.0
2026-07-15 00:00:00;Luiz;Camiseta;1;150.0
2026-07-15 00:00:00;Raul;Camiseta;1;150.0
2026-07-16 00:00:00;Raul;SSD;2;4000.0
2026-07-21 00:00:00;Malu;SSD;1;2000.0
2026-07-21 00:00:00;Luiz;SSD;1;2000.0
2026-07-22 00:00:00;Malu;SSD;1;2000.0
2026-07-22 00:00:00;Raul;Piercing;1;3500.0
2026-07-24 00:00:00;Luiz;Piercing;4;14000.0
2026-07-24 00:00:00;Raul;Camiseta;1;150.0
2026-07-24 00:00:00;Raul;Piercing;1;3500.0
2026-07-24 00:00:00;Luiz;Camiseta;1;150.0
2026-07-24 00:00:00;Malu;Piercing;1;3500.0
2026-07-25 00:00:00;Malu;Camiseta;3;450.0
2026-07-25 00:00:00;Luiz;Piercing;1;3500.0
2026-07-26 00:00:00;Luiz;SSD;1;2000.0
2026-07-26 00:00:00;Luiz;Piercing;3;10500.0
2026-07-28 00:00:00;Malu;Camiseta;4;600.0
2026-07-29 00:00:00;Malu;Camiseta;2;300.0
2026-07-29 00:00:00;Raul;Piercing;1;3500.0
2026-07-30 00:00:00;Malu;Camiseta;3;450.0
2026-08-01 00:00:00;Luiz;SSD;1;2000.0
2026-08-01 00:00:00;Luiz;Camiseta;1;150.0
2026-08-01 00:00:00;Raul;Piercing;1;3500.0
2026-08-02 00:00:00;Luiz;Piercing;4;14000.0
2026-08-03 00:00:00;Malu;Camiseta;1;150.0
2026-08-03 00:00:00;Malu;SSD;2;4000.0
2026-08-03 00:00:00;Malu;Piercing;1;3500.0
2026-08-04 00:00:00;Raul;Camiseta;1;150.0
2026-08-04 00:00:00;Malu;Piercing;2;7000.0
2026-08-06 00:00:00;Malu;SSD;3;6000.0
2026-08-06 00:00:00;Luiz;Camiseta;2;300.0
2026-08-07 00:00:00;Malu;Camiseta;1;150.0
2026-08-09 00:00:00;Malu;Piercing;2;7000.0
2026-08-10 00:00:00;Raul;SSD;1;2000.0
2026-08-10 00:00:00;Malu;SSD;3;6000.0
2026-08-10 00:00:00;Malu;SSD;2;4000.0
2026-08-11 00:00:00;Malu;Camiseta;2;300.0
2026-08-11 00:00:00;Malu;Piercing;1;3500.0
2026-08-11 00:00:00;Luiz;Piercing;3;10500.0
2026-08-13 00:00:00;Raul;SSD;2;4000.0
2026-08-13 00:00:00;Malu;Camiseta;3;450.0
2026-08-13 00:00:00;Luiz;SSD;2;4000.0
2026-08-14 00:00:00;Luiz;SSD;1;2000.0
2026-08-16 00:00:00;Raul;Piercing;1;3500.0
2026-08-17 00:00:00;Malu;Piercing;1;3500.0
2026-08-17 00:00:00;Luiz;Piercing;1;3500.0
2026-08-18 00:00:00;Luiz;Piercing;1;3500.0
2026-08-18 00:00:00;Malu;SSD;1;2000.0
2026-08-18 00:00:00;Raul;Piercing;1;3500.0
2026-08-19 00:00:00;Luiz;Camiseta;2;300.0
2026-08-21 00:00:00;Luiz;SSD;1;2000.0
2026-08-21 00:00:00;Luiz;Piercing;3;10500.0
2026-08-22 00:00:00;Malu;Piercing;2;7000.0
2026-08-23 00:00:00;Luiz;Piercing;1;3500.0
2026-08-24 00:00:00;Raul;SSD;1;2000.0
2026-08-27 00:00:00;Luiz;SSD;4;8000.0
2026-08-31 00:00:00;Malu;SSD;3;6000.0
2026-10-03;Malu;Mouse;1;30.0
